% Model,Relay.mph
% Version,COMSOL 5.5.0.359
% Date,"May 15 2020, 08:38"
% Table,Eigenfrequencies (No Effects) - 
% mu (Pa*s),lambda (Hz),Angular frequency (rad/s),Damping ratio (1),Quality factor (1)
0,9223781.693505786,5.79547296132676E7,0,Inf
0,1.5274277850123443E7,9.597111816567421E7,0,Inf
0,1.5278642080978032E7,9.599853943685691E7,0,Inf
0,7.12023304549535E7,4.4737743655150944E8,0,Inf
0,7.177497457100624E7,4.509754656477348E8,0,Inf
0,7.179735521809028E7,4.511160874006584E8,0,Inf
0.957,9223781.721538266+3052.0243055435703i,5.7954729789400876E7+19176.43427374634i,3.308864227933914E-4,1511.0925246763743
0.957,1.5274277734713791E7+8553.484505964994i,9.597111744053398E7+53743.1281730675i,5.599926434082241E-4,892.8688722710762
0.957,1.527864196195875E7+8558.026436474802i,9.599853868903668E7+53771.665964112944i,5.601299588838652E-4,892.649986078798
0.957,7.120223029435006E7+197400.09694462968i,4.473768072238775E8+1240301.3887583232i,0.0027723757740718918,180.350731915981
0.957,7.177495042352311E7+160368.88929143472i,4.5097531392462355E8+1007627.4489246523i,0.002234323925653585,223.78133907049306
0.957,7.1797330931348E7+160440.37061141155i,4.5111593480255616E8+1008076.5793040683i,0.0022346230416504975,223.75138476630892
1.8E-5,9223781.696337778+0.05439472792822537i,5.7954729631061524E7+0.34177215530665667i,5.897226291665414E-9,8.478562213334988E7
1.8E-5,1.5274277851157924E7+0.15981877788933338i,9.597111817217405E7+1.0041709970456572i,1.046326244989826E-8,4.778624280850967E7
1.8E-5,1.527864208073528E7+0.1620845956624576i,9.599853943533164E7+1.0184075499864975i,1.0608573380145398E-8,4.7131690763979726E7
1.8E-5,7.120233045621727E7+3.7124258950677875i,4.4737743655945E8+23.32585983788295i,5.213910656127436E-8,9589730.875276802
1.8E-5,7.17749745861163E7+2.965536625797137i,4.509754657426741E8+18.6330161551115i,4.131713933578695E-8,1.2101515449471684E7
1.8E-5,7.179735519738844E7+3.005975202905757i,4.5111608727058494E8+18.887099228643628i,4.186749211919569E-8,1.1942439699433455E7
